date,strategy,obj_total,dr_term,smooth_term,l2_term,band_penalty
2013-01-31,EW,0.0,0.10808200563711855,0.0,0.0,0.0
2013-02-28,EW,0.0,0.10804067269428067,0.0,0.0,0.0
2013-03-28,EW,0.0,0.10740521667231231,0.0,0.0,0.0
2013-04-30,EW,0.0,0.10663404024398616,0.0,0.0,0.0
2013-05-31,EW,0.0,0.1068202914177033,0.0,0.0,0.0
2013-06-28,EW,0.0,0.10530140343703309,0.0,0.0,0.0
2013-07-31,EW,0.0,0.10355145842578106,0.0,0.0,0.0
2013-08-30,EW,0.0,0.1026712508816577,0.0,0.0,0.0
2013-09-30,EW,0.0,0.10019532216124671,0.0,0.0,0.0
2013-10-31,EW,0.0,0.10124180238749843,0.0,0.0,0.0
2013-11-29,EW,0.0,0.09547792759201462,0.0,0.0,0.0
2013-12-31,EW,0.0,0.09099956006313936,0.0,0.0,0.0
2014-01-31,EW,0.0,0.08859971994405241,0.0,0.0,0.0
2014-02-28,EW,0.0,0.08650393656584673,0.0,0.0,0.0
2014-03-31,EW,0.0,0.0852210183019162,0.0,0.0,0.0
2014-04-30,EW,0.0,0.08164427682597371,0.0,0.0,0.0
2014-05-30,EW,0.0,0.08118382048988575,0.0,0.0,0.0
2014-06-30,EW,0.0,0.08233508539670896,0.0,0.0,0.0
2014-07-31,EW,0.0,0.08119646893496632,0.0,0.0,0.0
2014-08-29,EW,0.0,0.08097020677573444,0.0,0.0,0.0
2014-09-30,EW,0.0,0.08057364987395027,0.0,0.0,0.0
2014-10-31,EW,0.0,0.08110216062079106,0.0,0.0,0.0
2014-11-28,EW,0.0,0.08009472884630443,0.0,0.0,0.0
2014-12-31,EW,0.0,0.07996708245623908,0.0,0.0,0.0
2015-01-30,EW,0.0,0.07989687474222301,0.0,0.0,0.0
2015-02-27,EW,0.0,0.07865814281568465,0.0,0.0,0.0
2015-03-31,EW,0.0,0.07641660933245868,0.0,0.0,0.0
2015-04-30,EW,0.0,0.07493191363266274,0.0,0.0,0.0
2015-05-29,EW,0.0,0.06936563839276738,0.0,0.0,0.0
2015-06-30,EW,0.0,0.06569721212689017,0.0,0.0,0.0
2015-07-31,EW,0.0,0.06490292075328694,0.0,0.0,0.0
2015-08-31,EW,0.0,0.06484731206142635,0.0,0.0,0.0
2015-09-30,EW,0.0,0.0654143297472583,0.0,0.0,0.0
2015-10-30,EW,0.0,0.06664186453882771,0.0,0.0,0.0
2015-11-30,EW,0.0,0.06853105406158536,0.0,0.0,0.0
2015-12-31,EW,0.0,0.06918052461285414,0.0,0.0,0.0
2016-01-29,EW,0.0,0.07133721414548039,0.0,0.0,0.0
2016-02-29,EW,0.0,0.07133536838313292,0.0,0.0,0.0
2016-03-31,EW,0.0,0.07053420800687828,0.0,0.0,0.0
2016-04-29,EW,0.0,0.07075666283272215,0.0,0.0,0.0
2016-05-31,EW,0.0,0.07048611052056067,0.0,0.0,0.0
2016-06-30,EW,0.0,0.07076081710584473,0.0,0.0,0.0
2016-07-29,EW,0.0,0.07040808870800597,0.0,0.0,0.0
2016-08-31,EW,0.0,0.06335042630978754,0.0,0.0,0.0
2016-09-30,EW,0.0,0.058855384883602736,0.0,0.0,0.0
2016-10-31,EW,0.0,0.05436121365272231,0.0,0.0,0.0
2016-11-30,EW,0.0,0.04809433164783355,0.0,0.0,0.0
2016-12-30,EW,0.0,0.044092716331274304,0.0,0.0,0.0
2017-01-31,EW,0.0,0.04271179211006164,0.0,0.0,0.0
2017-02-28,EW,0.0,0.042088168641559176,0.0,0.0,0.0
2017-03-31,EW,0.0,0.041275928914836044,0.0,0.0,0.0
2017-04-28,EW,0.0,0.04044829206582067,0.0,0.0,0.0
2017-05-31,EW,0.0,0.03936182216851681,0.0,0.0,0.0
2017-06-30,EW,0.0,0.03738808735615027,0.0,0.0,0.0
2017-07-31,EW,0.0,0.03590288539801021,0.0,0.0,0.0
2017-08-31,EW,0.0,0.03543579593556329,0.0,0.0,0.0
2017-09-29,EW,0.0,0.034595346451554536,0.0,0.0,0.0
2017-10-31,EW,0.0,0.03389287577065185,0.0,0.0,0.0
2017-11-30,EW,0.0,0.03333414816263856,0.0,0.0,0.0
2017-12-29,EW,0.0,0.03320178604902029,0.0,0.0,0.0
2018-01-31,EW,0.0,0.033067779714523196,0.0,0.0,0.0
2018-02-28,EW,0.0,0.033975987953542265,0.0,0.0,0.0
2018-03-29,EW,0.0,0.034700071268654896,0.0,0.0,0.0
2018-04-30,EW,0.0,0.034690111786865874,0.0,0.0,0.0
2018-05-31,EW,0.0,0.035101999231757344,0.0,0.0,0.0
2018-06-29,EW,0.0,0.03640805681730394,0.0,0.0,0.0
2018-07-31,EW,0.0,0.03814170399390016,0.0,0.0,0.0
2018-08-31,EW,0.0,0.039536706743091385,0.0,0.0,0.0
2018-09-28,EW,0.0,0.04085803167746133,0.0,0.0,0.0
2018-10-31,EW,0.0,0.04258526198425747,0.0,0.0,0.0
2018-11-30,EW,0.0,0.04432580071763493,0.0,0.0,0.0
2018-12-31,EW,0.0,0.046168968559762505,0.0,0.0,0.0
2019-01-31,EW,0.0,0.04680789241078725,0.0,0.0,0.0
2019-02-28,EW,0.0,0.045875567785149785,0.0,0.0,0.0
2019-03-29,EW,0.0,0.04625302645297585,0.0,0.0,0.0
2019-04-30,EW,0.0,0.045829310714508145,0.0,0.0,0.0
2019-05-31,EW,0.0,0.04656752024671519,0.0,0.0,0.0
2019-06-28,EW,0.0,0.046197975396402614,0.0,0.0,0.0
2019-07-31,EW,0.0,0.04552478229473296,0.0,0.0,0.0
2019-08-30,EW,0.0,0.0467685520782118,0.0,0.0,0.0
2019-09-30,EW,0.0,0.04560073817927639,0.0,0.0,0.0
2019-10-31,EW,0.0,0.044928605280312915,0.0,0.0,0.0
2019-11-29,EW,0.0,0.04494778809085804,0.0,0.0,0.0
2019-12-31,EW,0.0,0.04463411939192929,0.0,0.0,0.0
2020-01-31,EW,0.0,0.044498043980024375,0.0,0.0,0.0
2020-02-28,EW,0.0,0.046998876385478325,0.0,0.0,0.0
2020-03-31,EW,0.0,0.05730897266825219,0.0,0.0,0.0
2020-04-30,EW,0.0,0.05970337066445634,0.0,0.0,0.0
2020-05-29,EW,0.0,0.061571322885352206,0.0,0.0,0.0
2020-06-30,EW,0.0,0.06380909812415872,0.0,0.0,0.0
2020-07-31,EW,0.0,0.06344829229644615,0.0,0.0,0.0
2020-08-31,EW,0.0,0.061296865429185776,0.0,0.0,0.0
2020-09-30,EW,0.0,0.060353868176475596,0.0,0.0,0.0
2020-10-30,EW,0.0,0.060297950267423066,0.0,0.0,0.0
2020-11-30,EW,0.0,0.060382088977031394,0.0,0.0,0.0
2020-12-31,EW,0.0,0.06073599593027301,0.0,0.0,0.0
2021-01-29,EW,0.0,0.05937610556593106,0.0,0.0,0.0
2021-02-26,EW,0.0,0.058029231035195035,0.0,0.0,0.0
2021-03-31,EW,0.0,0.05714710340875117,0.0,0.0,0.0
2021-04-30,EW,0.0,0.056383543017807285,0.0,0.0,0.0
2021-05-28,EW,0.0,0.0559954890538828,0.0,0.0,0.0
2021-06-30,EW,0.0,0.05491948874112131,0.0,0.0,0.0
2021-07-30,EW,0.0,0.05544813171494608,0.0,0.0,0.0
2021-08-31,EW,0.0,0.055268917464186225,0.0,0.0,0.0
2021-09-30,EW,0.0,0.05543506207437716,0.0,0.0,0.0
2021-10-29,EW,0.0,0.05550873524956629,0.0,0.0,0.0
2021-11-30,EW,0.0,0.05610127960786031,0.0,0.0,0.0
2021-12-31,EW,0.0,0.05692218692119082,0.0,0.0,0.0
2022-01-31,EW,0.0,0.05698203542924496,0.0,0.0,0.0
2022-02-28,EW,0.0,0.05687771319054552,0.0,0.0,0.0
2022-03-31,EW,0.0,0.05581056356677087,0.0,0.0,0.0
2022-04-29,EW,0.0,0.054933431463792676,0.0,0.0,0.0
2022-05-31,EW,0.0,0.054668098001961714,0.0,0.0,0.0
2022-06-30,EW,0.0,0.05292970091355248,0.0,0.0,0.0
2022-07-29,EW,0.0,0.05216370555069953,0.0,0.0,0.0
2022-08-31,EW,0.0,0.050853387811148315,0.0,0.0,0.0
2022-09-30,EW,0.0,0.04820339337577705,0.0,0.0,0.0
2022-10-31,EW,0.0,0.04698786213141687,0.0,0.0,0.0
2022-11-30,EW,0.0,0.04540006656545825,0.0,0.0,0.0
2022-12-30,EW,0.0,0.04425381026149933,0.0,0.0,0.0
2023-01-31,EW,0.0,0.04354212993490256,0.0,0.0,0.0
2023-02-28,EW,0.0,0.04215045646303888,0.0,0.0,0.0
2023-03-31,EW,0.0,0.04118177929906056,0.0,0.0,0.0
2023-04-28,EW,0.0,0.04085545751585163,0.0,0.0,0.0
2023-05-31,EW,0.0,0.040574207854286344,0.0,0.0,0.0
2023-06-30,EW,0.0,0.04016728932108478,0.0,0.0,0.0
2023-07-31,EW,0.0,0.039366098947326934,0.0,0.0,0.0
2023-08-31,EW,0.0,0.038593279406709285,0.0,0.0,0.0
2023-09-29,EW,0.0,0.038307795557711515,0.0,0.0,0.0
2023-10-31,EW,0.0,0.03690051584542374,0.0,0.0,0.0
2023-11-30,EW,0.0,0.036014282633539764,0.0,0.0,0.0
2023-12-29,EW,0.0,0.03439645506558363,0.0,0.0,0.0
2024-01-31,EW,0.0,0.03384849121049265,0.0,0.0,0.0
2024-02-29,EW,0.0,0.033539798267668335,0.0,0.0,0.0
2024-03-28,EW,0.0,0.03341683682874199,0.0,0.0,0.0
2024-04-30,EW,0.0,0.03332149676850776,0.0,0.0,0.0
2024-05-31,EW,0.0,0.03271523896948114,0.0,0.0,0.0
2024-06-28,EW,0.0,0.032451855653429146,0.0,0.0,0.0
2024-07-31,EW,0.0,0.032266571335906664,0.0,0.0,0.0
2024-08-30,EW,0.0,0.031797164124194296,0.0,0.0,0.0
2024-09-30,EW,0.0,0.03220918151319908,0.0,0.0,0.0
2024-10-31,EW,0.0,0.03197318384950884,0.0,0.0,0.0
2024-11-29,EW,0.0,0.03155893085278476,0.0,0.0,0.0
2024-12-31,EW,0.0,0.03150591303064944,0.0,0.0,0.0
2025-01-31,EW,0.0,0.03138311486474114,0.0,0.0,0.0
2025-02-28,EW,0.0,0.030851270253482773,0.0,0.0,0.0
2025-03-31,EW,0.0,0.021641111701151905,0.0,0.0,0.0
2025-04-30,EW,0.0,0.01983074622170366,0.0,0.0,0.0
2025-05-30,EW,0.0,0.018826819496376178,0.0,0.0,0.0
2025-06-30,EW,0.0,0.01732784041093844,0.0,0.0,0.0
2025-07-31,EW,0.0,0.016734675325147698,0.0,0.0,0.0
2025-08-29,EW,0.0,0.01685717106513212,0.0,0.0,0.0
2025-09-30,EW,0.0,0.016372312709176308,0.0,0.0,0.0
2025-10-31,EW,0.0,0.016164802752822182,0.0,0.0,0.0
2025-11-28,EW,0.0,0.01584210206794629,0.0,0.0,0.0
2013-01-31,GMV,1.741901719554254e-05,0.06563075024250137,0.0,0.0,0.0
2013-02-28,GMV,1.71847628905043e-05,0.06710810725591486,0.0,0.0,0.0
2013-03-28,GMV,1.6973327413374517e-05,0.06659263044863592,0.0,0.0,0.0
2013-04-30,GMV,1.692997563748335e-05,0.06902463939688425,0.0,0.0,0.0
2013-05-31,GMV,1.6899591483843358e-05,0.0701945322782192,0.0,0.0,0.0
2013-06-28,GMV,1.7170898350304302e-05,0.07168570108992363,0.0,0.0,0.0
2013-07-31,GMV,1.733143487909848e-05,0.07048122609616603,0.0,0.0,0.0
2013-08-30,GMV,1.7474216291773963e-05,0.06970103682616487,0.0,0.0,0.0
2013-09-30,GMV,1.7390907588512297e-05,0.06954400387104206,0.0,0.0,0.0
2013-10-31,GMV,1.3328800259632654e-05,0.0904391378316868,0.0,0.0,0.0
2013-11-29,GMV,1.2677529978876623e-05,0.09359467829663248,0.0,0.0,0.0
2013-12-31,GMV,1.1700000372801661e-05,0.09343492377737866,0.0,0.0,0.0
2014-01-31,GMV,1.127178963701464e-05,0.0933213729557563,0.0,0.0,0.0
2014-02-28,GMV,1.0930692785362657e-05,0.09385628070914598,0.0,0.0,0.0
2014-03-31,GMV,9.691042693511211e-06,0.09284502482595419,0.0,0.0,0.0
2014-04-30,GMV,9.410546370739474e-06,0.09342112882843501,0.0,0.0,0.0
2014-05-30,GMV,8.993624296249889e-06,0.10424781945332101,0.0,0.0,0.0
2014-06-30,GMV,8.57006796862904e-06,0.10546106010355161,0.0,0.0,0.0
2014-07-31,GMV,8.436565781418271e-06,0.10474505847635873,0.0,0.0,0.0
2014-08-29,GMV,8.259553121031309e-06,0.10740834580128891,0.0,0.0,0.0
2014-09-30,GMV,8.218284739291588e-06,0.10831208693566871,0.0,0.0,0.0
2014-10-31,GMV,8.030180172482483e-06,0.11014000595908202,0.0,0.0,0.0
2014-11-28,GMV,7.947451975638294e-06,0.11245459325368443,0.0,0.0,0.0
2014-12-31,GMV,7.926154622603094e-06,0.11342248739666191,0.0,0.0,0.0
2015-01-30,GMV,7.885613811490413e-06,0.10808738628184611,0.0,0.0,0.0
2015-02-27,GMV,7.901768897902892e-06,0.11458593838664899,0.0,0.0,0.0
2015-03-31,GMV,8.18473530859309e-06,0.11331921928326258,0.0,0.0,0.0
2015-04-30,GMV,8.223271190707859e-06,0.11313746411339115,0.0,0.0,0.0
2015-05-29,GMV,8.244748610441753e-06,0.1162733676249241,0.0,0.0,0.0
2015-06-30,GMV,8.283265457277777e-06,0.11609686260786581,0.0,0.0,0.0
2015-07-31,GMV,8.17038656846621e-06,0.12370886372336024,0.0,0.0,0.0
2015-08-31,GMV,8.315308786416232e-06,0.11842727873535519,0.0,0.0,0.0
2015-09-30,GMV,8.30009635124206e-06,0.11578529825716563,0.0,0.0,0.0
2015-10-30,GMV,8.208184639673495e-06,0.1237290038410144,0.0,0.0,0.0
2015-11-30,GMV,7.921637866661745e-06,0.12639378418147532,0.0,0.0,0.0
2015-12-31,GMV,7.874249561513656e-06,0.1273805489099595,0.0,0.0,0.0
2016-01-29,GMV,7.83255567867801e-06,0.11928419459685125,0.0,0.0,0.0
2016-02-29,GMV,7.89541607195079e-06,0.11754092604713004,0.0,0.0,0.0
2016-03-31,GMV,7.934016069327034e-06,0.12124850346688568,0.0,0.0,0.0
2016-04-29,GMV,7.883262852258963e-06,0.11903881692333962,0.0,0.0,0.0
2016-05-31,GMV,7.907347908279257e-06,0.12148581380222326,0.0,0.0,0.0
2016-06-30,GMV,7.936415894282156e-06,0.1176896479978205,0.0,0.0,0.0
2016-07-29,GMV,7.896602059559224e-06,0.12167331984048244,0.0,0.0,0.0
2016-08-31,GMV,7.362264252200793e-06,0.11965173940040538,0.0,0.0,0.0
2016-09-30,GMV,7.4229366820363e-06,0.11848572687414713,0.0,0.0,0.0
2016-10-31,GMV,7.315009493130659e-06,0.11820697171329489,0.0,0.0,0.0
2016-11-30,GMV,7.2701888461953544e-06,0.12351908536423659,0.0,0.0,0.0
2016-12-30,GMV,7.192010518845541e-06,0.1233509745739105,0.0,0.0,0.0
2017-01-31,GMV,7.218010877203094e-06,0.12387279032158416,0.0,0.0,0.0
2017-02-28,GMV,7.24768769746312e-06,0.12592791790876443,0.0,0.0,0.0
2017-03-31,GMV,7.250248887321297e-06,0.12655153862971996,0.0,0.0,0.0
2017-04-28,GMV,7.186091321728581e-06,0.1273146728676718,0.0,0.0,0.0
2017-05-31,GMV,7.163012245826634e-06,0.12730219644607052,0.0,0.0,0.0
2017-06-30,GMV,7.14996187517587e-06,0.1278181591414397,0.0,0.0,0.0
2017-07-31,GMV,7.135013719331535e-06,0.12820161474526373,0.0,0.0,0.0
2017-08-31,GMV,7.0824814448389755e-06,0.12779857731330266,0.0,0.0,0.0
2017-09-29,GMV,7.07816581917918e-06,0.12864670440255854,0.0,0.0,0.0
2017-10-31,GMV,7.098262525746923e-06,0.12931749986161636,0.0,0.0,0.0
2017-11-30,GMV,7.103496389393514e-06,0.13130499787711317,0.0,0.0,0.0
2017-12-29,GMV,7.1272517802640984e-06,0.1313018759341596,0.0,0.0,0.0
2018-01-31,GMV,7.239661438846321e-06,0.1392981277898731,0.0,0.0,0.0
2018-02-28,GMV,7.249745447482535e-06,0.13096640828034847,0.0,0.0,0.0
2018-03-29,GMV,7.259819568955674e-06,0.12852551196896114,0.0,0.0,0.0
2018-04-30,GMV,7.315148146726546e-06,0.12872508797162452,0.0,0.0,0.0
2018-05-31,GMV,7.299063645341433e-06,0.13011008307614325,0.0,0.0,0.0
2018-06-29,GMV,6.747869752973071e-06,0.1302595187119362,0.0,0.0,0.0
2018-07-31,GMV,6.5870087331202465e-06,0.13659501429417825,0.0,0.0,0.0
2018-08-31,GMV,6.437354191239626e-06,0.14143019518496988,0.0,0.0,0.0
2018-09-28,GMV,6.109352785218944e-06,0.13519894965361126,0.0,0.0,0.0
2018-10-31,GMV,6.111602617391048e-06,0.12876785627541998,0.0,0.0,0.0
2018-11-30,GMV,6.107463650729463e-06,0.13366487327975934,0.0,0.0,0.0
2018-12-31,GMV,6.1603421636154184e-06,0.12051275703793221,0.0,0.0,0.0
2019-01-31,GMV,6.17361835060613e-06,0.12509583003068364,0.0,0.0,0.0
2019-02-28,GMV,6.188506903632479e-06,0.12598412682032373,0.0,0.0,0.0
2019-03-29,GMV,6.148108018931813e-06,0.12615400757018672,0.0,0.0,0.0
2019-04-30,GMV,6.167196939796909e-06,0.12780223667396504,0.0,0.0,0.0
2019-05-31,GMV,6.18168992047676e-06,0.11604553043880592,0.0,0.0,0.0
2019-06-28,GMV,6.238448649717995e-06,0.12027012718401928,0.0,0.0,0.0
2019-07-31,GMV,6.292116461721596e-06,0.12200028123522103,0.0,0.0,0.0
2019-08-30,GMV,6.3144704156971354e-06,0.11586056006372447,0.0,0.0,0.0
2019-09-30,GMV,6.3785862315415056e-06,0.11857836985791093,0.0,0.0,0.0
2019-10-31,GMV,6.3752010324637055e-06,0.1188466476671731,0.0,0.0,0.0
2019-11-29,GMV,6.380043768654062e-06,0.12177927403399846,0.0,0.0,0.0
2019-12-31,GMV,6.353978530248109e-06,0.12065696326048928,0.0,0.0,0.0
2020-01-31,GMV,6.353917709702096e-06,0.1177748115214475,0.0,0.0,0.0
2020-02-28,GMV,6.294706940152543e-06,0.10881441746656062,0.0,0.0,0.0
2020-03-31,GMV,1.0821482342456715e-05,0.1040128319749597,0.0,0.0,0.0
2020-04-30,GMV,1.1388936314621148e-05,0.10663328240894235,0.0,0.0,0.0
2020-05-29,GMV,1.1375727537824746e-05,0.10565287194357281,0.0,0.0,0.0
2020-06-30,GMV,1.144621119084221e-05,0.10505987104564668,0.0,0.0,0.0
2020-07-31,GMV,1.1350889918823723e-05,0.09507135557461555,0.0,0.0,0.0
2020-08-31,GMV,1.1368381536932651e-05,0.09094931774749465,0.0,0.0,0.0
2020-09-30,GMV,1.1439158615289633e-05,0.09152826793656868,0.0,0.0,0.0
2020-10-30,GMV,1.1462073875669054e-05,0.09251586974831918,0.0,0.0,0.0
2020-11-30,GMV,1.1533447222645208e-05,0.0943019185239293,0.0,0.0,0.0
2020-12-31,GMV,1.1387493113189888e-05,0.09156613902052507,0.0,0.0,0.0
2021-01-29,GMV,1.1403638199892775e-05,0.0901508443419731,0.0,0.0,0.0
2021-02-26,GMV,1.1530585489209332e-05,0.08872312615435646,0.0,0.0,0.0
2021-03-31,GMV,1.1758624045627136e-05,0.08841953305470315,0.0,0.0,0.0
2021-04-30,GMV,1.1835434210897927e-05,0.08621448409191809,0.0,0.0,0.0
2021-05-28,GMV,1.1867832433126663e-05,0.08421916642121732,0.0,0.0,0.0
2021-06-30,GMV,1.1790624618160007e-05,0.08162120950999838,0.0,0.0,0.0
2021-07-30,GMV,1.1702066659896264e-05,0.08102900465377427,0.0,0.0,0.0
2021-08-31,GMV,1.1736819360114746e-05,0.08033535614609508,0.0,0.0,0.0
2021-09-30,GMV,1.1689462334626097e-05,0.08004333758885138,0.0,0.0,0.0
2021-10-29,GMV,1.1721231130066092e-05,0.07840025825970465,0.0,0.0,0.0
2021-11-30,GMV,1.1731758115593604e-05,0.07860926936189647,0.0,0.0,0.0
2021-12-31,GMV,1.1714855662862193e-05,0.07762633505159428,0.0,0.0,0.0
2022-01-31,GMV,1.1816935853416844e-05,0.07531805175244746,0.0,0.0,0.0
2022-02-28,GMV,1.2032182718157854e-05,0.07255321287318742,0.0,0.0,0.0
2022-03-31,GMV,1.2715927321648092e-05,0.07021877084801673,0.0,0.0,0.0
2022-04-29,GMV,1.2960195660257732e-05,0.06835714073788435,0.0,0.0,0.0
2022-05-31,GMV,1.3448641728610849e-05,0.06920989107293611,0.0,0.0,0.0
2022-06-30,GMV,1.4263045626559064e-05,0.06872856171513941,0.0,0.0,0.0
2022-07-29,GMV,1.467135543658003e-05,0.07039031320435045,0.0,0.0,0.0
2022-08-31,GMV,1.5139529495313287e-05,0.06961899719343487,0.0,0.0,0.0
2022-09-30,GMV,1.6218715661001123e-05,0.06977940809550705,0.0,0.0,0.0
2022-10-31,GMV,1.6899835292847004e-05,0.06818255499345337,0.0,0.0,0.0
2022-11-30,GMV,1.7725409696055944e-05,0.06987048219642167,0.0,0.0,0.0
2022-12-30,GMV,1.8318881848510416e-05,0.0698371746125957,0.0,0.0,0.0
2023-01-31,GMV,1.867684939663322e-05,0.07174273191348267,0.0,0.0,0.0
2023-02-28,GMV,1.877073960202668e-05,0.07596137435631495,0.0,0.0,0.0
2023-03-31,GMV,1.9272586144750203e-05,0.07713862504068794,0.0,0.0,0.0
2023-04-28,GMV,1.9407496773426878e-05,0.07740645069940408,0.0,0.0,0.0
2023-05-31,GMV,1.9580899907179925e-05,0.07627509560346973,0.0,0.0,0.0
2023-06-30,GMV,1.9755836280386096e-05,0.0767912929306599,0.0,0.0,0.0
2023-07-31,GMV,2.0059131281533163e-05,0.07661857512176248,0.0,0.0,0.0
2023-08-31,GMV,2.033988677155478e-05,0.07703493322219199,0.0,0.0,0.0
2023-09-29,GMV,2.047323159043395e-05,0.07653162337715913,0.0,0.0,0.0
2023-10-31,GMV,2.0834497589642556e-05,0.07650028632783021,0.0,0.0,0.0
2023-11-30,GMV,2.1117469277289626e-05,0.08032288208297744,0.0,0.0,0.0
2023-12-29,GMV,2.1468533052013322e-05,0.08310696635731757,0.0,0.0,0.0
2024-01-31,GMV,2.1586024271579355e-05,0.08255787474653879,0.0,0.0,0.0
2024-02-29,GMV,2.1721056896835527e-05,0.08183579455202877,0.0,0.0,0.0
2024-03-28,GMV,2.1734467724361072e-05,0.08186941627371366,0.0,0.0,0.0
2024-04-30,GMV,2.1827848370831484e-05,0.08110240214162784,0.0,0.0,0.0
2024-05-31,GMV,2.202436973594432e-05,0.08115455317722772,0.0,0.0,0.0
2024-06-28,GMV,2.2093624561076796e-05,0.08076360830495291,0.0,0.0,0.0
2024-07-31,GMV,2.2210052461866817e-05,0.08193689107073976,0.0,0.0,0.0
2024-08-30,GMV,2.237474992860048e-05,0.08246387848527925,0.0,0.0,0.0
2024-09-30,GMV,2.227861209842345e-05,0.08247998323920863,0.0,0.0,0.0
2024-10-31,GMV,2.233301445570238e-05,0.08143980188611605,0.0,0.0,0.0
2024-11-29,GMV,2.2514722692432694e-05,0.08175112869981518,0.0,0.0,0.0
2024-12-31,GMV,2.2638408406398627e-05,0.08056443196086294,0.0,0.0,0.0
2025-01-31,GMV,2.2722339048087027e-05,0.080109245115907,0.0,0.0,0.0
2025-02-28,GMV,2.2702111831177064e-05,0.08441974130093022,0.0,0.0,0.0
2025-03-31,GMV,1.878865622269709e-05,0.08163273212982775,0.0,0.0,0.0
2025-04-30,GMV,1.8863616320554934e-05,0.07985027221423543,0.0,0.0,0.0
2025-05-30,GMV,1.8720873897956167e-05,0.08144001040292123,0.0,0.0,0.0
2025-06-30,GMV,1.8601987761396863e-05,0.08249148128096162,0.0,0.0,0.0
2025-07-31,GMV,1.8609527305028574e-05,0.0832386249412361,0.0,0.0,0.0
2025-08-29,GMV,1.8543518041721162e-05,0.08362292592930831,0.0,0.0,0.0
2025-09-30,GMV,1.8469626666861475e-05,0.0851255252716896,0.0,0.0,0.0
2025-10-31,GMV,1.851769887954446e-05,0.08413356307780259,0.0,0.0,0.0
2025-11-28,GMV,1.8387028997631406e-05,0.08471788600568583,0.0,0.0,0.0
2013-01-31,ERC,7.20889865694345e-13,7.20889865694345e-13,0.0,0.0,0.0
2013-02-28,ERC,1.6107371687259194e-13,1.6107371687259194e-13,0.0,0.0,0.0
2013-03-28,ERC,1.9360091480540446e-11,1.9360091480540446e-11,0.0,0.0,0.0
2013-04-30,ERC,4.776276849324867e-12,4.776276849324867e-12,0.0,0.0,0.0
2013-05-31,ERC,1.289733021396315e-13,1.289733021396315e-13,0.0,0.0,0.0
2013-06-28,ERC,3.623708672617375e-13,3.623708672617375e-13,0.0,0.0,0.0
2013-07-31,ERC,2.718155519240453e-13,2.718155519240453e-13,0.0,0.0,0.0
2013-08-30,ERC,2.0424321816594e-12,2.0424321816594e-12,0.0,0.0,0.0
2013-09-30,ERC,1.2146948182744495e-14,1.2146948182744495e-14,0.0,0.0,0.0
2013-10-31,ERC,1.1404593366627537e-11,1.1404593366627537e-11,0.0,0.0,0.0
2013-11-29,ERC,3.688687019902728e-11,3.688687019902728e-11,0.0,0.0,0.0
2013-12-31,ERC,3.366089593577623e-15,3.366089593577623e-15,0.0,0.0,0.0
2014-01-31,ERC,6.393774224294719e-11,6.393774224294719e-11,0.0,0.0,0.0
2014-02-28,ERC,4.34106466147908e-14,4.34106466147908e-14,0.0,0.0,0.0
2014-03-31,ERC,3.1976051444876597e-15,3.1976051444876597e-15,0.0,0.0,0.0
2014-04-30,ERC,5.855485573091015e-12,5.855485573091015e-12,0.0,0.0,0.0
2014-05-30,ERC,5.374353656445877e-15,5.374353656445877e-15,0.0,0.0,0.0
2014-06-30,ERC,4.699835078974895e-15,4.699835078974895e-15,0.0,0.0,0.0
2014-07-31,ERC,2.981642207057241e-15,2.981642207057241e-15,0.0,0.0,0.0
2014-08-29,ERC,1.2649948492394914e-13,1.2649948492394914e-13,0.0,0.0,0.0
2014-09-30,ERC,4.278803110292508e-15,4.278803110292508e-15,0.0,0.0,0.0
2014-10-31,ERC,4.053111625166182e-11,4.053111625166182e-11,0.0,0.0,0.0
2014-11-28,ERC,4.1759784883229695e-14,4.1759784883229695e-14,0.0,0.0,0.0
2014-12-31,ERC,2.9978056649458807e-15,2.9978056649458807e-15,0.0,0.0,0.0
2015-01-30,ERC,6.484221306732593e-11,6.484221306732593e-11,0.0,0.0,0.0
2015-02-27,ERC,5.4736956318223235e-11,5.4736956318223235e-11,0.0,0.0,0.0
2015-03-31,ERC,5.87582488159084e-13,5.87582488159084e-13,0.0,0.0,0.0
2015-04-30,ERC,4.4794296186693725e-12,4.4794296186693725e-12,0.0,0.0,0.0
2015-05-29,ERC,3.803313887661768e-15,3.803313887661768e-15,0.0,0.0,0.0
2015-06-30,ERC,1.771234545009711e-11,1.771234545009711e-11,0.0,0.0,0.0
2015-07-31,ERC,6.717402577302113e-12,6.717402577302113e-12,0.0,0.0,0.0
2015-08-31,ERC,1.3228519284857555e-12,1.3228519284857555e-12,0.0,0.0,0.0
2015-09-30,ERC,9.880070810956514e-12,9.880070810956514e-12,0.0,0.0,0.0
2015-10-30,ERC,3.9164161462376774e-14,3.9164161462376774e-14,0.0,0.0,0.0
2015-11-30,ERC,5.999636173754428e-15,5.999636173754428e-15,0.0,0.0,0.0
2015-12-31,ERC,4.046430049880229e-11,4.046430049880229e-11,0.0,0.0,0.0
2016-01-29,ERC,5.178652593057033e-15,5.178652593057033e-15,0.0,0.0,0.0
2016-02-29,ERC,3.2606022608719165e-11,3.2606022608719165e-11,0.0,0.0,0.0
2016-03-31,ERC,1.2634550580731482e-14,1.2634550580731482e-14,0.0,0.0,0.0
2016-04-29,ERC,1.528460178572469e-13,1.528460178572469e-13,0.0,0.0,0.0
2016-05-31,ERC,8.841281063448977e-13,8.841281063448977e-13,0.0,0.0,0.0
2016-06-30,ERC,1.3717223110141943e-12,1.3717223110141943e-12,0.0,0.0,0.0
2016-07-29,ERC,6.814882825871924e-13,6.814882825871924e-13,0.0,0.0,0.0
2016-08-31,ERC,1.9840134182116842e-12,1.9840134182116842e-12,0.0,0.0,0.0
2016-09-30,ERC,1.2487285277835256e-15,1.2487285277835256e-15,0.0,0.0,0.0
2016-10-31,ERC,6.551902677118159e-12,6.551902677118159e-12,0.0,0.0,0.0
2016-11-30,ERC,1.5642336411219014e-13,1.5642336411219014e-13,0.0,0.0,0.0
2016-12-30,ERC,2.1186192166947235e-11,2.1186192166947235e-11,0.0,0.0,0.0
2017-01-31,ERC,4.016669793583205e-11,4.016669793583205e-11,0.0,0.0,0.0
2017-02-28,ERC,4.765873569269194e-12,4.765873569269194e-12,0.0,0.0,0.0
2017-03-31,ERC,5.251036141614904e-12,5.251036141614904e-12,0.0,0.0,0.0
2017-04-28,ERC,3.462842722812007e-11,3.462842722812007e-11,0.0,0.0,0.0
2017-05-31,ERC,4.419558886721899e-11,4.419558886721899e-11,0.0,0.0,0.0
2017-06-30,ERC,4.840460961269108e-12,4.840460961269108e-12,0.0,0.0,0.0
2017-07-31,ERC,1.6107253772311122e-12,1.6107253772311122e-12,0.0,0.0,0.0
2017-08-31,ERC,3.5367615932349405e-11,3.5367615932349405e-11,0.0,0.0,0.0
2017-09-29,ERC,8.099935984622023e-12,8.099935984622023e-12,0.0,0.0,0.0
2017-10-31,ERC,3.3051001068548544e-12,3.3051001068548544e-12,0.0,0.0,0.0
2017-11-30,ERC,7.956089265173594e-16,7.956089265173594e-16,0.0,0.0,0.0
2017-12-29,ERC,1.0612091963934307e-14,1.0612091963934307e-14,0.0,0.0,0.0
2018-01-31,ERC,7.993282037963644e-14,7.993282037963644e-14,0.0,0.0,0.0
2018-02-28,ERC,3.710651223903872e-14,3.710651223903872e-14,0.0,0.0,0.0
2018-03-29,ERC,1.115317319170742e-11,1.115317319170742e-11,0.0,0.0,0.0
2018-04-30,ERC,2.706613312939322e-11,2.706613312939322e-11,0.0,0.0,0.0
2018-05-31,ERC,2.0474600338089939e-13,2.0474600338089939e-13,0.0,0.0,0.0
2018-06-29,ERC,2.1286417420221002e-13,2.1286417420221002e-13,0.0,0.0,0.0
2018-07-31,ERC,1.4409651167859698e-12,1.4409651167859698e-12,0.0,0.0,0.0
2018-08-31,ERC,2.486295427808972e-13,2.486295427808972e-13,0.0,0.0,0.0
2018-09-28,ERC,4.9730566202901727e-11,4.9730566202901727e-11,0.0,0.0,0.0
2018-10-31,ERC,4.731451377398222e-12,4.731451377398222e-12,0.0,0.0,0.0
2018-11-30,ERC,4.2590485692776226e-14,4.2590485692776226e-14,0.0,0.0,0.0
2018-12-31,ERC,2.560917578722765e-11,2.560917578722765e-11,0.0,0.0,0.0
2019-01-31,ERC,4.264093610798799e-11,4.264093610798799e-11,0.0,0.0,0.0
2019-02-28,ERC,7.424538433241771e-12,7.424538433241771e-12,0.0,0.0,0.0
2019-03-29,ERC,2.7883671985610232e-11,2.7883671985610232e-11,0.0,0.0,0.0
2019-04-30,ERC,6.769118145238672e-13,6.769118145238672e-13,0.0,0.0,0.0
2019-05-31,ERC,1.2556097651797842e-11,1.2556097651797842e-11,0.0,0.0,0.0
2019-06-28,ERC,1.472129320207976e-11,1.472129320207976e-11,0.0,0.0,0.0
2019-07-31,ERC,1.1639778418087326e-11,1.1639778418087326e-11,0.0,0.0,0.0
2019-08-30,ERC,1.3179779914723912e-12,1.3179779914723912e-12,0.0,0.0,0.0
2019-09-30,ERC,1.0134375319942255e-11,1.0134375319942255e-11,0.0,0.0,0.0
2019-10-31,ERC,1.8663278463193595e-12,1.8663278463193595e-12,0.0,0.0,0.0
2019-11-29,ERC,3.376194505194796e-11,3.376194505194796e-11,0.0,0.0,0.0
2019-12-31,ERC,3.0806795007010827e-12,3.0806795007010827e-12,0.0,0.0,0.0
2020-01-31,ERC,1.626079456264784e-12,1.626079456264784e-12,0.0,0.0,0.0
2020-02-28,ERC,5.142868019250683e-13,5.142868019250683e-13,0.0,0.0,0.0
2020-03-31,ERC,3.207859416002276e-12,3.207859416002276e-12,0.0,0.0,0.0
2020-04-30,ERC,1.9055171495757187e-12,1.9055171495757187e-12,0.0,0.0,0.0
2020-05-29,ERC,7.166582718878622e-13,7.166582718878622e-13,0.0,0.0,0.0
2020-06-30,ERC,2.3303895181973287e-14,2.3303895181973287e-14,0.0,0.0,0.0
2020-07-31,ERC,3.4345018082984457e-15,3.4345018082984457e-15,0.0,0.0,0.0
2020-08-31,ERC,1.4772419858477593e-14,1.4772419858477593e-14,0.0,0.0,0.0
2020-09-30,ERC,8.5758956281633e-12,8.5758956281633e-12,0.0,0.0,0.0
2020-10-30,ERC,2.222661874073096e-13,2.222661874073096e-13,0.0,0.0,0.0
2020-11-30,ERC,9.209257223188562e-12,9.209257223188562e-12,0.0,0.0,0.0
2020-12-31,ERC,2.853139911430193e-11,2.853139911430193e-11,0.0,0.0,0.0
2021-01-29,ERC,2.1209574249583523e-11,2.1209574249583523e-11,0.0,0.0,0.0
2021-02-26,ERC,3.9478006132894587e-11,3.9478006132894587e-11,0.0,0.0,0.0
2021-03-31,ERC,1.5556037807262768e-11,1.5556037807262768e-11,0.0,0.0,0.0
2021-04-30,ERC,6.257369960764898e-13,6.257369960764898e-13,0.0,0.0,0.0
2021-05-28,ERC,1.2695141939479302e-11,1.2695141939479302e-11,0.0,0.0,0.0
2021-06-30,ERC,4.3809580871277175e-12,4.3809580871277175e-12,0.0,0.0,0.0
2021-07-30,ERC,1.495168899692882e-13,1.495168899692882e-13,0.0,0.0,0.0
2021-08-31,ERC,4.957233002366993e-11,4.957233002366993e-11,0.0,0.0,0.0
2021-09-30,ERC,3.624574347516466e-11,3.624574347516466e-11,0.0,0.0,0.0
2021-10-29,ERC,2.0392751765942946e-15,2.0392751765942946e-15,0.0,0.0,0.0
2021-11-30,ERC,3.294674209390381e-11,3.294674209390381e-11,0.0,0.0,0.0
2021-12-31,ERC,4.802277887564435e-11,4.802277887564435e-11,0.0,0.0,0.0
2022-01-31,ERC,5.720589953837362e-11,5.720589953837362e-11,0.0,0.0,0.0
2022-02-28,ERC,1.2500029790468202e-11,1.2500029790468202e-11,0.0,0.0,0.0
2022-03-31,ERC,3.409000878453075e-16,3.409000878453075e-16,0.0,0.0,0.0
2022-04-29,ERC,1.7947170850339553e-12,1.7947170850339553e-12,0.0,0.0,0.0
2022-05-31,ERC,1.8454856105454045e-12,1.8454856105454045e-12,0.0,0.0,0.0
2022-06-30,ERC,1.1965922583134059e-15,1.1965922583134059e-15,0.0,0.0,0.0
2022-07-29,ERC,3.3817663939379385e-11,3.3817663939379385e-11,0.0,0.0,0.0
2022-08-31,ERC,4.739245173480184e-14,4.739245173480184e-14,0.0,0.0,0.0
2022-09-30,ERC,8.617554870884697e-14,8.617554870884697e-14,0.0,0.0,0.0
2022-10-31,ERC,8.17719148746882e-12,8.17719148746882e-12,0.0,0.0,0.0
2022-11-30,ERC,2.0024052540648477e-13,2.0024052540648477e-13,0.0,0.0,0.0
2022-12-30,ERC,2.23000049819791e-13,2.23000049819791e-13,0.0,0.0,0.0
2023-01-31,ERC,9.898736228313057e-13,9.898736228313057e-13,0.0,0.0,0.0
2023-02-28,ERC,2.6782450422361504e-14,2.6782450422361504e-14,0.0,0.0,0.0
2023-03-31,ERC,1.0097074325671107e-12,1.0097074325671107e-12,0.0,0.0,0.0
2023-04-28,ERC,1.9556464932183222e-11,1.9556464932183222e-11,0.0,0.0,0.0
2023-05-31,ERC,4.700759476413643e-12,4.700759476413643e-12,0.0,0.0,0.0
2023-06-30,ERC,2.4112518244521863e-11,2.4112518244521863e-11,0.0,0.0,0.0
2023-07-31,ERC,4.518107965694418e-11,4.518107965694418e-11,0.0,0.0,0.0
2023-08-31,ERC,1.053166961928306e-12,1.053166961928306e-12,0.0,0.0,0.0
2023-09-29,ERC,1.2312407990180907e-12,1.2312407990180907e-12,0.0,0.0,0.0
2023-10-31,ERC,4.344292972671846e-11,4.344292972671846e-11,0.0,0.0,0.0
2023-11-30,ERC,1.0205539655254623e-15,1.0205539655254623e-15,0.0,0.0,0.0
2023-12-29,ERC,6.5254359065358636e-12,6.5254359065358636e-12,0.0,0.0,0.0
2024-01-31,ERC,3.437257542352304e-12,3.437257542352304e-12,0.0,0.0,0.0
2024-02-29,ERC,2.078596578676755e-12,2.078596578676755e-12,0.0,0.0,0.0
2024-03-28,ERC,2.3286419118457665e-11,2.3286419118457665e-11,0.0,0.0,0.0
2024-04-30,ERC,5.81050952885875e-13,5.81050952885875e-13,0.0,0.0,0.0
2024-05-31,ERC,1.447825224100717e-11,1.447825224100717e-11,0.0,0.0,0.0
2024-06-28,ERC,8.109293657276315e-12,8.109293657276315e-12,0.0,0.0,0.0
2024-07-31,ERC,2.5325319889090086e-11,2.5325319889090086e-11,0.0,0.0,0.0
2024-08-30,ERC,6.682276148847141e-12,6.682276148847141e-12,0.0,0.0,0.0
2024-09-30,ERC,8.766135554469008e-12,8.766135554469008e-12,0.0,0.0,0.0
2024-10-31,ERC,2.2271718442267425e-11,2.2271718442267425e-11,0.0,0.0,0.0
2024-11-29,ERC,2.7122237453742698e-11,2.7122237453742698e-11,0.0,0.0,0.0
2024-12-31,ERC,5.831283633939571e-11,5.831283633939571e-11,0.0,0.0,0.0
2025-01-31,ERC,8.526916169264951e-12,8.526916169264951e-12,0.0,0.0,0.0
2025-02-28,ERC,8.32574936544126e-14,8.32574936544126e-14,0.0,0.0,0.0
2025-03-31,ERC,1.0644784529135184e-16,1.0644784529135184e-16,0.0,0.0,0.0
2025-04-30,ERC,6.730268968454936e-13,6.730268968454936e-13,0.0,0.0,0.0
2025-05-30,ERC,2.4139082407650862e-11,2.4139082407650862e-11,0.0,0.0,0.0
2025-06-30,ERC,2.836406517010623e-12,2.836406517010623e-12,0.0,0.0,0.0
2025-07-31,ERC,2.656287979504787e-11,2.656287979504787e-11,0.0,0.0,0.0
2025-08-29,ERC,2.145060560300096e-12,2.145060560300096e-12,0.0,0.0,0.0
2025-09-30,ERC,2.8955704846723822e-11,2.8955704846723822e-11,0.0,0.0,0.0
2025-10-31,ERC,1.4687433774770162e-11,1.4687433774770162e-11,0.0,0.0,0.0
2025-11-28,ERC,3.2625100305268497e-12,3.2625100305268497e-12,0.0,0.0,0.0
2013-01-31,CTB_ONLY,0.00014171460478593905,0.057723682954305244,0.0,0.0,0.0
2013-02-28,CTB_ONLY,0.0001352966636660083,0.059804237366076644,0.0,0.0,0.0
2013-03-28,CTB_ONLY,0.00014154756220080645,0.05953572382988354,0.0,0.0,0.0
2013-04-30,CTB_ONLY,0.00016802294403099743,0.059446044334267416,0.0,0.0,0.0
2013-05-31,CTB_ONLY,0.00011334938529485387,0.06078877857101995,0.0,0.0,0.0
2013-06-28,CTB_ONLY,0.00013175669723185156,0.06037308964433553,0.0,0.0,0.0
2013-07-31,CTB_ONLY,0.00017365786536022753,0.06251138976671909,0.0,0.0,0.0
2013-08-30,CTB_ONLY,0.00020910574231785203,0.06215344734748675,0.0,0.0,0.0
2013-09-30,CTB_ONLY,0.0005149376429497492,0.06373437326612737,0.0,0.0,0.0
2013-10-31,CTB_ONLY,0.004475510271381224,0.10374889477391128,0.0,0.0,0.0
2013-11-29,CTB_ONLY,0.00863451228177792,0.11017469738528016,0.0,0.0,0.0
2013-12-31,CTB_ONLY,0.013877288941553316,0.11398881766035338,0.0,0.0,0.0
2014-01-31,CTB_ONLY,0.01534889497136395,0.11024361108010823,0.0,0.0,0.0
2014-02-28,CTB_ONLY,0.018397430660576558,0.10765088693672142,0.0,0.0,0.0
2014-03-31,CTB_ONLY,0.020624265922907413,0.10104838414058386,0.0,0.0,0.0
2014-04-30,CTB_ONLY,0.020511241668168326,0.10016277907727009,0.0,0.0,0.0
2014-05-30,CTB_ONLY,0.021780477166711745,0.09822929931354249,0.0,0.0,0.0
2014-06-30,CTB_ONLY,0.022858711309555718,0.09842970181370206,0.0,0.0,0.0
2014-07-31,CTB_ONLY,0.02359374778297501,0.09746875783582576,0.0,0.0,0.0
2014-08-29,CTB_ONLY,0.023930638331361186,0.10046025903700738,0.0,0.0,0.0
2014-09-30,CTB_ONLY,0.02471591448746291,0.10048105523758223,0.0,0.0,0.0
2014-10-31,CTB_ONLY,0.02396341310758712,0.10132911816134116,0.0,0.0,0.0
2014-11-28,CTB_ONLY,0.025134643041796755,0.09990071680412864,0.0,0.0,0.0
2014-12-31,CTB_ONLY,0.024973606521741434,0.10097196630870287,0.0,0.0,0.0
2015-01-30,CTB_ONLY,0.02458685951639133,0.1022527555864225,0.0,0.0,0.0
2015-02-27,CTB_ONLY,0.024680117647548346,0.10120722420368101,0.0,0.0,0.0
2015-03-31,CTB_ONLY,0.024549153156089513,0.10106223091876562,0.0,0.0,0.0
2015-04-30,CTB_ONLY,0.024280360019471654,0.10042230040359068,0.0,0.0,0.0
2015-05-29,CTB_ONLY,0.02380609222028676,0.0996147803090216,0.0,0.0,0.0
2015-06-30,CTB_ONLY,0.023085537901980823,0.09895231581126321,0.0,0.0,0.0
2015-07-31,CTB_ONLY,0.022858536731661737,0.0989091519596379,0.0,0.0,0.0
2015-08-31,CTB_ONLY,0.02246886249193234,0.10038286128248895,0.0,0.0,0.0
2015-09-30,CTB_ONLY,0.022752547025831297,0.10086448327269257,0.0,0.0,0.0
2015-10-30,CTB_ONLY,0.02275819210275365,0.1015574421125783,0.0,0.0,0.0
2015-11-30,CTB_ONLY,0.02210252394161771,0.10208762057623033,0.0,0.0,0.0
2015-12-31,CTB_ONLY,0.022748157113991075,0.10391016386587115,0.0,0.0,0.0
2016-01-29,CTB_ONLY,0.023754519077457605,0.10461780006639196,0.0,0.0,0.0
2016-02-29,CTB_ONLY,0.024039800985239355,0.10440317832564106,0.0,0.0,0.0
2016-03-31,CTB_ONLY,0.024083771608037458,0.10439753311049081,0.0,0.0,0.0
2016-04-29,CTB_ONLY,0.024104336058144406,0.10425033671707898,0.0,0.0,0.0
2016-05-31,CTB_ONLY,0.024539960728885653,0.10458178664398293,0.0,0.0,0.0
2016-06-30,CTB_ONLY,0.02645500223243379,0.10293145369835421,0.0,0.0,0.0
2016-07-29,CTB_ONLY,0.026915601324980675,0.10365138419754172,0.0,0.0,0.0
2016-08-31,CTB_ONLY,0.029209546635783255,0.10159744934794918,0.0,0.0,0.0
2016-09-30,CTB_ONLY,0.02686722592812383,0.10264637446413002,0.0,0.0,0.0
2016-10-31,CTB_ONLY,0.024914350826077476,0.10258938856255545,0.0,0.0,0.0
2016-11-30,CTB_ONLY,0.02102255207481907,0.09857547714299389,0.0,0.0,0.0
2016-12-30,CTB_ONLY,0.018735589104942173,0.09628090923430249,0.0,0.0,0.0
2017-01-31,CTB_ONLY,0.018446696682833483,0.09518593617917127,0.0,0.0,0.0
2017-02-28,CTB_ONLY,0.01793009508320994,0.09578827395665988,0.0,0.0,0.0
2017-03-31,CTB_ONLY,0.018367616748768814,0.095829691417646,0.0,0.0,0.0
2017-04-28,CTB_ONLY,0.017477967134043537,0.09548297168006123,0.0,0.0,0.0
2017-05-31,CTB_ONLY,0.017619306491606458,0.09469999727325312,0.0,0.0,0.0
2017-06-30,CTB_ONLY,0.016570205551634905,0.09465110753949438,0.0,0.0,0.0
2017-07-31,CTB_ONLY,0.015863908699828205,0.09450813575847049,0.0,0.0,0.0
2017-08-31,CTB_ONLY,0.015819116550760147,0.0936762642493336,0.0,0.0,0.0
2017-09-29,CTB_ONLY,0.015132724065775002,0.09322630983154043,0.0,0.0,0.0
2017-10-31,CTB_ONLY,0.014807493748602933,0.09270338173330106,0.0,0.0,0.0
2017-11-30,CTB_ONLY,0.014888868112421162,0.09190586966073012,0.0,0.0,0.0
2017-12-29,CTB_ONLY,0.01464754085415389,0.09235124794834754,0.0,0.0,0.0
2018-01-31,CTB_ONLY,0.01400982750871919,0.09193713642569919,0.0,0.0,0.0
2018-02-28,CTB_ONLY,0.013989595286238643,0.09468201595641039,0.0,0.0,0.0
2018-03-29,CTB_ONLY,0.014229457289588073,0.09559736181119804,0.0,0.0,0.0
2018-04-30,CTB_ONLY,0.014646763701982967,0.09392096792796083,0.0,0.0,0.0
2018-05-31,CTB_ONLY,0.01493333758638443,0.09526549495134869,0.0,0.0,0.0
2018-06-29,CTB_ONLY,0.013972288707145194,0.09121303713412374,0.0,0.0,0.0
2018-07-31,CTB_ONLY,0.013757022080801288,0.09196657798676586,0.0,0.0,0.0
2018-08-31,CTB_ONLY,0.013466678936152696,0.0923157592819126,0.0,0.0,0.0
2018-09-28,CTB_ONLY,0.012843091960393963,0.09242807182842921,0.0,0.0,0.0
2018-10-31,CTB_ONLY,0.012833204279445894,0.09327334355920221,0.0,0.0,0.0
2018-11-30,CTB_ONLY,0.013381681166547189,0.09546301601423104,0.0,0.0,0.0
2018-12-31,CTB_ONLY,0.014139408115830608,0.09946193269981708,0.0,0.0,0.0
2019-01-31,CTB_ONLY,0.01574630541705123,0.0969354619663221,0.0,0.0,0.0
2019-02-28,CTB_ONLY,0.01599475694830479,0.09693422014289135,0.0,0.0,0.0
2019-03-29,CTB_ONLY,0.015641657846753643,0.09811905221873858,0.0,0.0,0.0
2019-04-30,CTB_ONLY,0.015606893015019717,0.09675452230719286,0.0,0.0,0.0
2019-05-31,CTB_ONLY,0.01677185079980487,0.09706189566784454,0.0,0.0,0.0
2019-06-28,CTB_ONLY,0.017481884814435394,0.0948513889527111,0.0,0.0,0.0
2019-07-31,CTB_ONLY,0.017431938164219403,0.09758462369155316,0.0,0.0,0.0
2019-08-30,CTB_ONLY,0.019360023680134956,0.10371057712815342,0.0,0.0,0.0
2019-09-30,CTB_ONLY,0.019353566118376995,0.10337511823764216,0.0,0.0,0.0
2019-10-31,CTB_ONLY,0.019772457791761112,0.10086853231611333,0.0,0.0,0.0
2019-11-29,CTB_ONLY,0.019289055620886193,0.1017602462973736,0.0,0.0,0.0
2019-12-31,CTB_ONLY,0.019664607668913443,0.10027671879031533,0.0,0.0,0.0
2020-01-31,CTB_ONLY,0.019655953000253728,0.09477346959922683,0.0,0.0,0.0
2020-02-28,CTB_ONLY,0.02156174670512672,0.0930238574699846,0.0,0.0,0.0
2020-03-31,CTB_ONLY,0.010750844502629862,0.11642660551119559,0.0,0.0,0.0
2020-04-30,CTB_ONLY,0.012018429188188713,0.1106084016644042,0.0,0.0,0.0
2020-05-29,CTB_ONLY,0.013449537340665008,0.10875736554297744,0.0,0.0,0.0
2020-06-30,CTB_ONLY,0.015216265672725594,0.10999090273696024,0.0,0.0,0.0
2020-07-31,CTB_ONLY,0.014928917768625722,0.11213981236636769,0.0,0.0,0.0
2020-08-31,CTB_ONLY,0.014862375677730622,0.10850475805460501,0.0,0.0,0.0
2020-09-30,CTB_ONLY,0.01471097984616628,0.10282304700808417,0.0,0.0,0.0
2020-10-30,CTB_ONLY,0.014984080792875557,0.09882056219255111,0.0,0.0,0.0
2020-11-30,CTB_ONLY,0.015530673037699191,0.09404371398483828,0.0,0.0,0.0
2020-12-31,CTB_ONLY,0.015401917164481386,0.09474517180706571,0.0,0.0,0.0
2021-01-29,CTB_ONLY,0.01491879539307843,0.09433641961755508,0.0,0.0,0.0
2021-02-26,CTB_ONLY,0.0141715633940978,0.09142267377637221,0.0,0.0,0.0
2021-03-31,CTB_ONLY,0.014235906789900363,0.08541231335492801,0.0,0.0,0.0
2021-04-30,CTB_ONLY,0.013947458111072855,0.08683100460186285,0.0,0.0,0.0
2021-05-28,CTB_ONLY,0.013220225489144963,0.08572307576222495,0.0,0.0,0.0
2021-06-30,CTB_ONLY,0.012250052720722587,0.0834539575144563,0.0,0.0,0.0
2021-07-30,CTB_ONLY,0.012259065012448842,0.08236234099654077,0.0,0.0,0.0
2021-08-31,CTB_ONLY,0.012340749436600783,0.08210625951576517,0.0,0.0,0.0
2021-09-30,CTB_ONLY,0.01282673352789282,0.07713083226589781,0.0,0.0,0.0
2021-10-29,CTB_ONLY,0.012921156793260833,0.07602307571805798,0.0,0.0,0.0
2021-11-30,CTB_ONLY,0.013510936104875759,0.07166758541418314,0.0,0.0,0.0
2021-12-31,CTB_ONLY,0.014819574537610356,0.0693838169795007,0.0,0.0,0.0
2022-01-31,CTB_ONLY,0.014710963659996834,0.06886658284323546,0.0,0.0,0.0
2022-02-28,CTB_ONLY,0.01496742238316836,0.06856825968723688,0.0,0.0,0.0
2022-03-31,CTB_ONLY,0.014753847324898112,0.06820332955154482,0.0,0.0,0.0
2022-04-29,CTB_ONLY,0.014810216628985677,0.0665858569423396,0.0,0.0,0.0
2022-05-31,CTB_ONLY,0.014836102473406821,0.06542361703802113,0.0,0.0,0.0
2022-06-30,CTB_ONLY,0.014190079745246347,0.06587525458389835,0.0,0.0,0.0
2022-07-29,CTB_ONLY,0.015100913484745536,0.06509457339219651,0.0,0.0,0.0
2022-08-31,CTB_ONLY,0.014963124733567736,0.06574700858607395,0.0,0.0,0.0
2022-09-30,CTB_ONLY,0.015059936041437193,0.06525641649637202,0.0,0.0,0.0
2022-10-31,CTB_ONLY,0.014892989991405148,0.06550082196526848,0.0,0.0,0.0
2022-11-30,CTB_ONLY,0.01544737818650362,0.06685406751994834,0.0,0.0,0.0
2022-12-30,CTB_ONLY,0.015290759781822587,0.06749865649968165,0.0,0.0,0.0
2023-01-31,CTB_ONLY,0.015496861480500125,0.06929350379100864,0.0,0.0,0.0
2023-02-28,CTB_ONLY,0.01571104083015082,0.0701346548252417,0.0,0.0,0.0
2023-03-31,CTB_ONLY,0.016101915856356525,0.06838632498654493,0.0,0.0,0.0
2023-04-28,CTB_ONLY,0.016296639446505324,0.06814450362563126,0.0,0.0,0.0
2023-05-31,CTB_ONLY,0.016451825604053463,0.06798135732099385,0.0,0.0,0.0
2023-06-30,CTB_ONLY,0.016440950733634583,0.06806426451259748,0.0,0.0,0.0
2023-07-31,CTB_ONLY,0.016600696714736372,0.06855099783513201,0.0,0.0,0.0
2023-08-31,CTB_ONLY,0.01686207757625219,0.06872646065056345,0.0,0.0,0.0
2023-09-29,CTB_ONLY,0.016730009951006243,0.06882663152630636,0.0,0.0,0.0
2023-10-31,CTB_ONLY,0.01645312956176062,0.0699539351366508,0.0,0.0,0.0
2023-11-30,CTB_ONLY,0.016190837426485614,0.07097790788718691,0.0,0.0,0.0
2023-12-29,CTB_ONLY,0.01584945299464861,0.07234690466451764,0.0,0.0,0.0
2024-01-31,CTB_ONLY,0.015428135079226184,0.07356057308794478,0.0,0.0,0.0
2024-02-29,CTB_ONLY,0.015220658674195262,0.0748308797056416,0.0,0.0,0.0
2024-03-28,CTB_ONLY,0.015261032671414819,0.0752412189156531,0.0,0.0,0.0
2024-04-30,CTB_ONLY,0.01523582164642561,0.07543590089850027,0.0,0.0,0.0
2024-05-31,CTB_ONLY,0.014703779693009629,0.07613872867456631,0.0,0.0,0.0
2024-06-28,CTB_ONLY,0.014357725619898204,0.07668097309985106,0.0,0.0,0.0
2024-07-31,CTB_ONLY,0.014276202322056687,0.07666011396590394,0.0,0.0,0.0
2024-08-30,CTB_ONLY,0.013682435936700377,0.07587678411479612,0.0,0.0,0.0
2024-09-30,CTB_ONLY,0.01378701220556979,0.07545543904386094,0.0,0.0,0.0
2024-10-31,CTB_ONLY,0.01376722844192983,0.07573980638314365,0.0,0.0,0.0
2024-11-29,CTB_ONLY,0.01381511782564546,0.07669497204546864,0.0,0.0,0.0
2024-12-31,CTB_ONLY,0.01372497229939869,0.07688609796937564,0.0,0.0,0.0
2025-01-31,CTB_ONLY,0.013619429112099794,0.07737845188971784,0.0,0.0,0.0
2025-02-28,CTB_ONLY,0.01331150886344919,0.07775703307238356,0.0,0.0,0.0
2025-03-31,CTB_ONLY,0.014030637019975879,0.07986400951499484,0.0,0.0,0.0
2025-04-30,CTB_ONLY,0.015688556348810775,0.08040293378049324,0.0,0.0,0.0
2025-05-30,CTB_ONLY,0.015009545694880945,0.08088550055395881,0.0,0.0,0.0
2025-06-30,CTB_ONLY,0.01373028555146941,0.08291899095989376,0.0,0.0,0.0
2025-07-31,CTB_ONLY,0.013012741745428545,0.08402860165438102,0.0,0.0,0.0
2025-08-29,CTB_ONLY,0.01336988082248784,0.0850557553636378,0.0,0.0,0.0
2025-09-30,CTB_ONLY,0.013020592802321852,0.08600890223261412,0.0,0.0,0.0
2025-10-31,CTB_ONLY,0.012887248160788943,0.08524746042634532,0.0,0.0,0.0
2025-11-28,CTB_ONLY,0.012739368630377697,0.08611752618732627,0.0,0.0,0.0
2013-01-31,RB_CTB_BAND,4.1947658869112965e-09,2.975795835467775e-11,4.150403972669166e-09,1.460395588745279e-11,0.0
2013-02-28,RB_CTB_BAND,4.7185316237606744e-11,2.9687235164929536e-11,2.8576830802320246e-12,1.464039799244518e-11,0.0
2013-03-28,RB_CTB_BAND,3.160919096597925e-11,1.609579931111955e-11,8.542159351528173e-13,1.4659175719706883e-11,0.0
2013-04-30,RB_CTB_BAND,2.650679241415516e-11,4.791712714817781e-12,7.0078391930701976e-12,1.4707240506267183e-11,0.0
2013-05-31,RB_CTB_BAND,1.81551131367225e-11,1.2892746303925748e-13,3.3147670926315312e-12,1.471141858105171e-11,0.0
2013-06-28,RB_CTB_BAND,2.0038688033349416e-11,3.626216882148269e-13,4.971179318619737e-12,1.4704887026514853e-11,0.0
2013-07-31,RB_CTB_BAND,3.712778024034748e-11,1.682914235586144e-11,5.619233785444704e-12,1.467940409904134e-11,0.0
2013-08-30,RB_CTB_BAND,8.018597156297232e-11,6.287411126388801e-11,2.671167214628033e-12,1.4640693084456275e-11,0.0
2013-09-30,RB_CTB_BAND,2.5115459284670772e-11,1.6374506336306418e-14,1.0593593098222937e-11,1.4505491680111528e-11,0.0
2013-10-31,RB_CTB_BAND,1.4282333271352446e-10,2.31200389006479e-13,1.2848480138284654e-10,1.4107330941671436e-11,0.0
2013-11-29,RB_CTB_BAND,2.7086060567474946e-11,5.160315666653753e-13,1.281636827997046e-11,1.375366072083911e-11,0.0
2013-12-31,RB_CTB_BAND,1.8348944625115518e-11,3.529282344712602e-15,4.6378665608876105e-12,1.3707548781883196e-11,0.0
2014-01-31,RB_CTB_BAND,4.138689463832338e-11,1.1723804581818375e-11,1.6073027744717237e-11,1.3590062311787764e-11,0.0
2014-02-28,RB_CTB_BAND,2.0778618007123148e-11,1.4555378347552339e-13,7.071469886947875e-12,1.3561594336699749e-11,0.0
2014-03-31,RB_CTB_BAND,4.741450229193228e-11,2.6698022953843566e-11,7.097383357074071e-12,1.3619095981014643e-11,0.0
2014-04-30,RB_CTB_BAND,2.6907527381292517e-11,1.1343323357574994e-11,2.0853600183304923e-12,1.3478844005387028e-11,0.0
2014-05-30,RB_CTB_BAND,2.686876398035075e-11,1.0346697265706166e-11,3.1391266303443807e-12,1.3382940084300202e-11,0.0
2014-06-30,RB_CTB_BAND,5.6167286879937057e-11,3.926702181797877e-11,3.5028106179473115e-12,1.3397454444010977e-11,0.0
2014-07-31,RB_CTB_BAND,4.501862470958549e-07,4.4910152026127216e-07,2.043659278107362e-12,1.3369843224520444e-11,1.069313332080117e-09
2014-08-29,RB_CTB_BAND,5.413914952164021e-06,5.402832756643672e-06,1.910075994935221e-12,1.3357399158794719e-11,1.1066928045195067e-08
2014-09-30,RB_CTB_BAND,1.791672457436325e-05,1.7871788342170785e-05,5.371562316297398e-12,1.3313646433169474e-11,4.4917546983716245e-08
2014-10-31,RB_CTB_BAND,1.2318103316839272e-05,1.228695313524632e-05,4.965886084650047e-12,1.3258869300646167e-11,3.1131956837567986e-08
2014-11-28,RB_CTB_BAND,2.941389798917393e-05,2.932021308723822e-05,6.933215270606363e-12,1.3193916570813316e-11,9.366477480386825e-08
2014-12-31,RB_CTB_BAND,2.5892953294336396e-05,2.5808572295264683e-05,7.34209214607343e-12,1.315909958053152e-11,8.436049787998625e-08
2015-01-30,RB_CTB_BAND,2.539152845549811e-05,2.529969832502569e-05,1.6188692874706823e-11,1.310527791846603e-11,9.180083650162448e-08
2015-02-27,RB_CTB_BAND,1.208662788122783e-05,1.2040569432445454e-05,6.992025482069173e-12,1.2985576682565557e-11,4.603847118021002e-08
2015-03-31,RB_CTB_BAND,2.917513071591309e-06,2.90760449048504e-06,5.00050830425541e-12,1.294062341779824e-11,9.890639974546887e-09
2015-04-30,RB_CTB_BAND,1.7625320822719655e-06,1.7564569716451078e-06,5.9121496993874354e-12,1.291115648858328e-11,6.0562873206697616e-09
2015-05-29,RB_CTB_BAND,1.992384295710174e-11,1.7132880714230545e-12,5.4404429976604585e-12,1.2770111888018227e-11,0.0
2015-06-30,RB_CTB_BAND,1.616779960906894e-11,1.4328967734983206e-13,3.377589354751002e-12,1.2646920576968105e-11,0.0
2015-07-31,RB_CTB_BAND,4.799205081528674e-11,1.7326509861866125e-11,1.8092582275322126e-11,1.2572958678098486e-11,0.0
2015-08-31,RB_CTB_BAND,2.045651223331065e-11,2.3957459888037007e-12,5.4617900141759934e-12,1.2598976230330958e-11,0.0
2015-09-30,RB_CTB_BAND,3.430895645566018e-11,1.934672348323219e-11,2.328220030770504e-12,1.263401294165749e-11,0.0
2015-10-30,RB_CTB_BAND,3.8068271026794856e-11,1.6955377745891873e-11,8.49059504289558e-12,1.2622298238007402e-11,0.0
2015-11-30,RB_CTB_BAND,1.7206635023218343e-11,2.1697914388849803e-14,4.535238836331833e-12,1.264969827249766e-11,0.0
2015-12-31,RB_CTB_BAND,5.53086597166833e-11,4.045602012819794e-11,2.114406934139361e-12,1.2738232654345999e-11,0.0
2016-01-29,RB_CTB_BAND,4.6966994009547e-11,2.711231291130529e-11,7.039960760617446e-12,1.2814720337624263e-11,0.0
2016-02-29,RB_CTB_BAND,4.4525789942607766e-11,2.6915453233049053e-11,4.76855001253272e-12,1.2841786697025993e-11,0.0
2016-03-31,RB_CTB_BAND,2.334900420251619e-11,6.537550285885819e-13,9.870379103675263e-12,1.2824870070252342e-11,0.0
2016-04-29,RB_CTB_BAND,1.9766228643850777e-11,3.2494905171071846e-13,6.611250325815405e-12,1.2830029266324655e-11,0.0
2016-05-31,RB_CTB_BAND,6.605864524949378e-11,5.0554442653064026e-11,2.7196824910394216e-12,1.278452010539033e-11,0.0
2016-06-30,RB_CTB_BAND,3.93655813433125e-05,3.902866175509116e-05,4.901715708680945e-12,1.2751494038483301e-11,3.3690193501158454e-07
2016-07-29,RB_CTB_BAND,7.578456932327768e-05,7.504569495564735e-05,7.786251916492837e-12,1.2751505786702624e-11,7.388538298726226e-07
2016-08-31,RB_CTB_BAND,0.00041113597551516943,0.0004057846483627376,1.4547641734644159e-11,1.2635639825905587e-11,5.351299969150284e-06
2016-09-30,RB_CTB_BAND,3.486105076348953e-05,3.457158139357261e-05,3.0219191083492856e-11,1.268975770308549e-11,2.894264609681342e-07
2016-10-31,RB_CTB_BAND,1.8287694908934194e-08,1.8146438983002547e-08,6.501923801589582e-12,1.256811527284398e-11,1.2218588685721224e-10
2016-11-30,RB_CTB_BAND,1.8098862160556797e-11,1.6897822765057114e-13,5.514941029900319e-12,1.2414942903005907e-11,0.0
2016-12-30,RB_CTB_BAND,3.595249788455395e-11,2.118895917027282e-11,2.4854806939076173e-12,1.2278058020373517e-11,0.0
2017-01-31,RB_CTB_BAND,5.401969408915635e-11,4.016713111259581e-11,1.6118688093286113e-12,1.2240694167231926e-11,0.0
2017-02-28,RB_CTB_BAND,1.8486147862408252e-11,4.765227485787494e-12,1.4837042644309339e-12,1.2237216112189825e-11,0.0
2017-03-31,RB_CTB_BAND,1.877078757400009e-11,5.251317600381418e-12,1.3192065418554801e-12,1.2200263431763193e-11,0.0
2017-04-28,RB_CTB_BAND,4.8072217798161316e-11,3.462927843370346e-11,1.2687365657245903e-12,1.2174202798733266e-11,0.0
2017-05-31,RB_CTB_BAND,5.724685855537052e-11,4.4193553545897174e-11,9.160255848270704e-13,1.2137279424646276e-11,0.0
2017-06-30,RB_CTB_BAND,1.8053461636255862e-11,4.8402978922309495e-12,1.1183536103771161e-12,1.2094810133647798e-11,0.0
2017-07-31,RB_CTB_BAND,1.4038562339717179e-11,1.610571271353995e-12,4.0446998394855076e-13,1.2023521084414632e-11,0.0
2017-08-31,RB_CTB_BAND,4.855346134954555e-11,3.5368858196691836e-11,1.1669795104335843e-12,1.2017623642420126e-11,0.0
2017-09-29,RB_CTB_BAND,2.2090963481322984e-11,8.098956364871e-12,1.9828331951582713e-12,1.2009173921293714e-11,0.0
2017-10-31,RB_CTB_BAND,1.6448721863695057e-11,3.3052976835787426e-12,1.1517881237130885e-12,1.1991636056403227e-11,0.0
2017-11-30,RB_CTB_BAND,1.2495241976386034e-11,7.889560592505835e-16,5.206694386337413e-13,1.1973783581693042e-11,0.0
2017-12-29,RB_CTB_BAND,1.286524609431863e-11,1.057920132083971e-14,8.727257481236702e-13,1.198194114487412e-11,0.0
2018-01-31,RB_CTB_BAND,2.5623095913643182e-11,4.124504099712546e-12,9.511398477747157e-12,1.1987193336183478e-11,0.0
2018-02-28,RB_CTB_BAND,1.3731071764673038e-11,3.7571231525937185e-14,1.6391136156359392e-12,1.2054386917511162e-11,0.0
2018-03-29,RB_CTB_BAND,2.4348845677238188e-11,1.1152384403990198e-11,1.1075635603413044e-12,1.2088897712906687e-11,0.0
2018-04-30,RB_CTB_BAND,4.179314778115957e-11,2.706799188171641e-11,2.6992236899939503e-12,1.2025932209449212e-11,0.0
2018-05-31,RB_CTB_BAND,1.4271530328705131e-11,2.0478998357605727e-13,2.0189793740465584e-12,1.2047760971082515e-11,0.0
2018-06-29,RB_CTB_BAND,1.4985136286639884e-11,2.1265141294936518e-13,2.6935496553262606e-12,1.2078935218364259e-11,0.0
2018-07-31,RB_CTB_BAND,1.8787207287844352e-11,1.4404992809728912e-12,5.189365748963159e-12,1.2157342257908303e-11,0.0
2018-08-31,RB_CTB_BAND,7.34343097551257e-11,5.896362734255956e-11,2.215375990601026e-12,1.2255306421965102e-11,0.0
2018-09-28,RB_CTB_BAND,6.383286853947731e-11,4.831292821660856e-11,3.223786420654142e-12,1.229615390221461e-11,0.0
2018-10-31,RB_CTB_BAND,2.2012206247386376e-11,4.730903351952131e-12,4.959273137484218e-12,1.2322029757950028e-11,0.0
2018-11-30,RB_CTB_BAND,1.8659354445710575e-11,4.257880396869221e-14,6.23290929630426e-12,1.2383866345437623e-11,0.0
2018-12-31,RB_CTB_BAND,4.7768066802577756e-11,2.597045893401266e-11,9.363808122063658e-12,1.2433799746501442e-11,0.0
2019-01-31,RB_CTB_BAND,6.880305911532957e-11,4.2636606355771525e-11,1.3702996004168406e-11,1.2463456755389631e-11,0.0
2019-02-28,RB_CTB_BAND,2.1121232116853072e-11,7.424853244276339e-12,1.244978390391656e-12,1.2451400482185078e-11,0.0
2019-03-29,RB_CTB_BAND,4.283362973674176e-11,2.788216645617605e-11,2.465947144596442e-12,1.2485516135969269e-11,0.0
2019-04-30,RB_CTB_BAND,1.4873207923388347e-11,6.769931206797577e-13,1.7232814771035746e-12,1.2472933325605014e-11,0.0
2019-05-31,RB_CTB_BAND,2.4191774107537505e-11,7.196749975210896e-13,1.0972728778004686e-11,1.2499370332011729e-11,0.0
2019-06-28,RB_CTB_BAND,3.414508003187244e-11,1.4794730610168427e-11,6.843314602110707e-12,1.2507034819593306e-11,0.0
2019-07-31,RB_CTB_BAND,2.5021438211684745e-11,1.1637789057050582e-11,8.63171552666195e-13,1.252047760196797e-11,0.0
2019-08-30,RB_CTB_BAND,4.49244613510181e-11,2.002398923412186e-11,1.2363371236247044e-11,1.2537100880649195e-11,0.0
2019-09-30,RB_CTB_BAND,2.4199074993970513e-11,9.981388728833751e-12,1.7189563932673905e-12,1.2498729871869368e-11,0.0
2019-10-31,RB_CTB_BAND,1.5302420041567744e-11,1.863591119069586e-12,9.572756763421679e-13,1.2481553246155992e-11,0.0
2019-11-29,RB_CTB_BAND,4.851672302945283e-11,3.3762299428917767e-11,2.2873083994000305e-12,1.2467115201135034e-11,0.0
2019-12-31,RB_CTB_BAND,1.946007157239029e-11,3.081018458697204e-12,3.93974005034253e-12,1.2439313063350557e-11,0.0
2020-01-31,RB_CTB_BAND,2.394731956625663e-11,5.765638255113243e-13,1.0930166069185186e-11,1.2440589671560119e-11,0.0
2020-02-28,RB_CTB_BAND,2.167189926827314e-11,2.6892049616415127e-13,8.843467771866809e-12,1.2559511000242182e-11,0.0
2020-03-31,RB_CTB_BAND,2.4962670769497966e-10,9.892391396311477e-12,2.266784903989112e-10,1.3055825899756974e-11,0.0
2020-04-30,RB_CTB_BAND,5.5361321488329206e-11,5.087360441235427e-13,4.152653268278274e-11,1.3326052761422923e-11,0.0
2020-05-29,RB_CTB_BAND,3.086511023426665e-11,4.388331913080453e-12,1.3023663959893078e-11,1.3453114361293116e-11,0.0
2020-06-30,RB_CTB_BAND,6.592417959613639e-06,6.5823211853779806e-06,1.2029252948772262e-11,1.3635362902160733e-11,1.0071109619807139e-08
2020-07-31,RB_CTB_BAND,6.166509614782944e-06,6.157560402665356e-06,1.1472216535290598e-11,1.368296466073696e-11,8.924056936392552e-09
2020-08-31,RB_CTB_BAND,7.138602545150262e-07,7.127550479497686e-07,7.394098683728736e-12,1.3668319233702903e-11,1.0841441473401633e-09
2020-09-30,RB_CTB_BAND,1.433017079318528e-07,1.431087417509673e-07,2.3149520572285657e-12,1.3701899704825523e-11,1.7694932912346528e-10
2020-10-30,RB_CTB_BAND,9.487793064048086e-07,9.475612652404223e-07,1.1906026032098423e-12,1.3756958523922273e-11,1.203093603259183e-09
2020-11-30,RB_CTB_BAND,1.2239250642529172e-06,1.2223606858971035e-06,2.1518914180296616e-11,1.3771688824762673e-11,1.5290877528085307e-09
2020-12-31,RB_CTB_BAND,6.101663153161042e-07,6.09350799946507e-07,9.307329570435044e-12,1.3803326136294815e-11,7.924047138905121e-10
2021-01-29,RB_CTB_BAND,1.935232635748372e-11,3.51938927333869e-12,2.0779012080986913e-12,1.3755035876046337e-11,0.0
2021-02-26,RB_CTB_BAND,3.830930064140624e-11,1.3119554930690697e-11,1.1501956564013856e-11,1.3687789146701693e-11,0.0
2021-03-31,RB_CTB_BAND,2.569071167039561e-11,7.56889965784423e-12,4.447205669637418e-12,1.367460634291396e-11,0.0
2021-04-30,RB_CTB_BAND,2.9143839976010155e-11,1.1397958387808545e-11,4.085856544150146e-12,1.3660025044051467e-11,0.0
2021-05-28,RB_CTB_BAND,2.4725838701098192e-11,7.508362561646697e-12,3.55236510604882e-12,1.3665111033402677e-11,0.0
2021-06-30,RB_CTB_BAND,2.4315881706037763e-11,4.379914037101499e-12,6.281792805652029e-12,1.3654174863284234e-11,0.0
2021-07-30,RB_CTB_BAND,1.981980822428552e-11,4.0958541411537195e-12,2.074871376628659e-12,1.3649082706503142e-11,0.0
2021-08-31,RB_CTB_BAND,1.5056347880708726e-11,3.412014763589026e-13,1.03825327408382e-12,1.3676893130266002e-11,0.0
2021-09-30,RB_CTB_BAND,2.8102369496017325e-11,1.0030100329788591e-11,4.4120703410370865e-12,1.3660198825191646e-11,0.0
2021-10-29,RB_CTB_BAND,1.9590191942519686e-11,6.809159176122721e-13,5.2726436358113024e-12,1.363663238909611e-11,0.0
2021-11-30,RB_CTB_BAND,1.97451438577349e-06,1.972239893005154e-06,6.879528157754523e-12,1.3684999671851985e-11,2.253928240506707e-09
2021-12-31,RB_CTB_BAND,7.091832850167249e-06,7.083294947670602e-06,1.423862074911861e-11,1.3795483574287174e-11,8.509868392323025e-09
2022-01-31,RB_CTB_BAND,1.152797239505708e-05,1.1513767096126748e-05,6.339960240063935e-12,1.3784956984958755e-11,1.4185174013105947e-08
2022-02-28,RB_CTB_BAND,9.036766493660278e-06,9.025004684418856e-06,5.62241176692762e-12,1.3719803952492286e-11,1.1742467025702738e-08
2022-03-31,RB_CTB_BAND,2.9771707877065433e-11,2.4772285578173074e-12,1.3781344326362135e-11,1.351313499288599e-11,0.0
2022-04-29,RB_CTB_BAND,2.4760729937229436e-11,6.33522526195135e-13,1.063879090045858e-11,1.3488416510575723e-11,0.0
2022-05-31,RB_CTB_BAND,5.7899257426551147e-11,4.0367196701921766e-11,4.058169360265107e-12,1.3473891364364271e-11,0.0
2022-06-30,RB_CTB_BAND,3.648290446147062e-11,2.5178736899220335e-12,2.068333899770727e-11,1.328169177384131e-11,0.0
2022-07-29,RB_CTB_BAND,2.505331222289021e-11,4.4651726241826385e-12,7.37435867074487e-12,1.32137809279627e-11,0.0
2022-08-31,RB_CTB_BAND,5.09014028440026e-06,5.08282220693378e-06,1.040190096287643e-12,1.3143792210896844e-11,7.303893484172152e-09
2022-09-30,RB_CTB_BAND,6.7512463631582e-07,6.740729152502116e-07,1.726527247253897e-11,1.2935276314989352e-11,1.02152051682082e-09
2022-10-31,RB_CTB_BAND,3.975051454106087e-08,3.966957075529309e-08,9.328962965032876e-12,1.2876009234002716e-11,5.873881356874505e-11
2022-11-30,RB_CTB_BAND,1.0456288692042798e-05,1.0439296555663686e-05,1.310951723604039e-11,1.2865206676638803e-11,1.696616165519969e-08
2022-12-30,RB_CTB_BAND,6.291587490307699e-06,6.281423660650597e-06,3.4652040298383407e-12,1.279287243159225e-11,1.014757158063995e-08
2023-01-31,RB_CTB_BAND,1.4670187001230224e-05,1.4645587458498926e-05,6.911718739545244e-12,1.2747530074673171e-11,2.4579883482482452e-08
2023-02-28,RB_CTB_BAND,2.1455860262144127e-05,2.141745040640172e-05,5.222278568273973e-12,1.2665749267154267e-11,3.8391967714570835e-08
2023-03-31,RB_CTB_BAND,2.767510813678721e-06,2.7626572026797463e-06,7.66656497371744e-12,1.2516563588378188e-11,4.833427870413e-09
2023-04-28,RB_CTB_BAND,1.0325297336506486e-06,1.0306823711924925e-06,7.306527608547513e-13,1.2480661653016716e-11,1.8341511437423512e-09
2023-05-31,RB_CTB_BAND,6.321456961859151e-07,6.309994659592983e-07,2.7744265432081165e-12,1.2444304479531226e-11,1.1310114955938848e-09
2023-06-30,RB_CTB_BAND,4.2810984903508036e-10,4.110181759537149e-10,4.68150706472444e-12,1.2410166016641014e-11,0.0
2023-07-31,RB_CTB_BAND,2.3662729720256906e-09,2.347931420328473e-09,5.979393055088357e-12,1.2362158642129506e-11,0.0
2023-08-31,RB_CTB_BAND,1.851027837480445e-08,1.8483965654463812e-08,3.0619026983674767e-12,1.2319087637957191e-11,1.0931730004314343e-11
2023-09-29,RB_CTB_BAND,1.4898744232215759e-09,1.4727290221401052e-09,4.8374529044661406e-12,1.2307948177004509e-11,0.0
2023-10-31,RB_CTB_BAND,3.440763149770898e-11,1.2941233443504001e-11,9.21987880392098e-12,1.2246519250284001e-11,0.0
2023-11-30,RB_CTB_BAND,8.406891016493389e-07,8.390947390666231e-07,1.516993739505026e-11,1.2195945242938966e-11,1.566996700077839e-09
2023-12-29,RB_CTB_BAND,1.5120697804559013e-07,1.5086133669318214e-07,9.291149305746284e-12,1.2135308995487742e-11,3.242148941067948e-10
2024-01-31,RB_CTB_BAND,1.297574718303357e-07,1.2945401605025946e-07,2.474782588984756e-12,1.2113910629726872e-11,2.8886708685753586e-10
2024-02-29,RB_CTB_BAND,5.095218728560438e-07,5.084339692565781e-07,3.928838179624982e-12,1.209664950368986e-11,1.0718781117824202e-09
2024-03-28,RB_CTB_BAND,4.843754377538282e-06,4.834415987418505e-06,5.808735843505831e-12,1.210385776776366e-11,9.320477526165971e-09
2024-04-30,RB_CTB_BAND,1.535581564959744e-05,1.5326439723654968e-05,5.3766050353289696e-12,1.2104697975024579e-11,2.9358444639461038e-08
2024-05-31,RB_CTB_BAND,1.4003678314468121e-05,1.3977748734350055e-05,1.4935016849791867e-12,1.2093628994836685e-11,2.591599298738735e-08
2024-06-28,RB_CTB_BAND,5.8544153995573696e-06,5.844162736809937e-06,1.1545745024129323e-12,1.2074332637864202e-11,1.0239433840292165e-08
2024-07-31,RB_CTB_BAND,2.2244757665055245e-06,2.2211641250079327e-06,4.139950548109583e-12,1.2068143176329554e-11,3.295433403867469e-09
2024-08-30,RB_CTB_BAND,1.3439630133255437e-11,5.617362856955935e-14,1.3262885009031101e-12,1.2057168003782766e-11,0.0
2024-09-30,RB_CTB_BAND,1.4873637592386823e-11,3.018532750677101e-13,2.486736168141646e-12,1.2085048149177467e-11,0.0
2024-10-31,RB_CTB_BAND,2.579121145184549e-07,2.5741835766146154e-07,6.998965607453885e-12,1.2080855057108673e-11,4.746770363288187e-10
2024-11-29,RB_CTB_BAND,1.5331655725278303e-11,1.1131040851980548e-13,3.134672235211693e-12,1.2085673081546806e-11,0.0
2024-12-31,RB_CTB_BAND,1.957281522790594e-11,3.3884957827065384e-12,4.0886587955949734e-12,1.209566064960443e-11,0.0
2025-01-31,RB_CTB_BAND,4.868959292667568e-07,4.860295513268634e-07,3.2846682816480544e-12,1.2098805556838103e-11,8.509944660549993e-10
2025-02-28,RB_CTB_BAND,1.916825218736219e-06,1.9133161594797373e-06,2.5451913869840166e-12,1.209179758659228e-11,3.494422267508141e-09
2025-03-31,RB_CTB_BAND,2.8549372215500593e-05,2.849587410127123e-05,7.437104120597182e-11,1.1742891512305426e-11,5.34120002966424e-08
2025-04-30,RB_CTB_BAND,4.76204752817164e-06,4.753831931836556e-06,1.174066168039019e-11,1.172448324522714e-11,8.192131190157896e-09
2025-05-30,RB_CTB_BAND,1.8830077222514622e-05,1.8798834149013966e-05,3.0874939336160527e-12,1.1674485806898925e-11,3.1228311520914175e-08
2025-06-30,RB_CTB_BAND,3.673131977192318e-05,3.667564596409847e-05,1.5645386611301347e-12,1.1607311664415042e-11,5.566063597438536e-08
2025-07-31,RB_CTB_BAND,4.610206621216639e-05,4.6036769285704025e-05,4.340036173424126e-13,1.1575922117838472e-11,6.528491653663499e-08
2025-08-29,RB_CTB_BAND,9.454521719341946e-05,9.440458605773108e-05,3.492430558133933e-12,1.1543346350066611e-11,1.4061609991147348e-07
2025-09-30,RB_CTB_BAND,0.0001442932039031263,0.00014408227304923502,9.329880491502012e-12,1.1509761734985795e-11,2.1091001424907229e-07
2025-10-31,RB_CTB_BAND,0.00014279082524773796,0.00014258676116440027,2.9323724511366416e-12,1.151408726818934e-11,2.0404963687798288e-07
2025-11-28,RB_CTB_BAND,0.00016942183015901982,0.00016917923513430852,2.6212185520252128e-12,1.1492338170817764e-11,2.425809111545539e-07
